﻿{"name":"GMS_Theme","textClasses":{"label":{"fontFace":"Arial","fontSize":16},"callout":{"fontFace":"Arial","fontSize":30},"title":{"fontFace":"Arial","fontSize":16},"header":{"fontFace":"Arial","fontSize":16}},"visualStyles":{"*":{"*":{"visualTooltip":[{"titleFontColor":{"solid":{"color":"#FFFFFF"}},"valueFontColor":{"solid":{"color":"#FFFFFF"}}}],"outspacePane":[{"titleSize":14,"headerSize":12}],"filterCard":[{"$id":"Applied","textSize":12},{"$id":"Available","textSize":12}],"border":[{"show":true}]}}},"dataColors":["#4472C4","#ED8B00","#FF6010","#6B007B","#E044A7","#744EC2","#D9B300","#D64550"]}